Year,Crop,Variety,Acres,Yield_bu_ac
2021,Barley,AUSTENSON CDC,6661,20.3
2021,Barley,CHAMPION,621,32.5
2021,Barley,COPELAND CDC,7641,16.7
2021,Barley,FRASER CDC,684,7.7
2021,Barley,MAVERICK CDC,2770,25.1
2021,Barley,SYNERGY AAC,13203,21.2
2021,Canola,DKTFLL 21 SC,3243,17.8
2021,Canola,L233P,134957,15.6
2021,Canola,L340PC,12640,21.9
2021,Canola,L345PC,70309,16.6
2021,Field Peas,AMARILLO CDC,5881,19.5
2021,Field Peas,ARDILL AAC,3151,33.7
2021,Field Peas,CARVER AAC,875,6.5
2021,Field Peas,CHROME AAC,2091,11.6
2021,Field Peas,FOREST CDC,1705,24.5
2021,Field Peas,GOLDEN CDC,4613,12.2
2021,Field Peas,INCA CDC,11348,21.5
2021,Field Peas,MEADOW CDC,20748,16.5
2021,Flax,BETHUNE CDC,7055,10.9
2021,Flax,BRAVO AAC,1501,6.8
2021,Flax,DORADO CDC,762,10.7
2021,Flax,GLAS CDC,8129,14.2
2021,Flax,ROWLAND CDC,1269,8.5
2021,Flax,SORREL CDC,11286,10.9
2021,Flax,TOPAZ,5150,5.4
2021,Red Lentils,DAZIL CDC,6101,602
2021,Red Lentils,IMPACT CDC,2784,1750
2021,Red Lentils,IMPULSE,26262,584
2021,Red Lentils,MAXIM CDC,26525,653
2021,Red Lentils,NIMBLE,1811,996
2021,Red Lentils,PROCLAIM CDC,9665,1195
2021,Red Lentils,REDMOON,2501,459
2021,Red Lentils,SIMMIE CDC,489,926
2021,Oats,ARBORG CDC,509,34.6
2021,Oats,DANCER CDC,601,37.5
2021,Durum,ALLOY CDC,35424,16.2
2021,Durum,BRIGADE,40174,30.2
2021,Durum,COMMANDER,8041,42.8
2021,Durum,CONGRESS AAC,18632,18.9
2021,Durum,CREDENCE CDC,1765,24.5
2021,Durum,CURRENT AAC,5788,18.0
2021,Durum,DEFY CDC,2725,26.7
2021,Durum,DONLOW AAC,1654,7.1
2021,Durum,FORTITUDE CDC,5548,10.5
2021,Durum,GRAINLAND AAC,10360,10.5
2021,Durum,KYLE,2507,23.3
2021,Durum,PRECISION CDC,60745,22.7
2021,Durum,SPITFIRE AAC,23134,23.4
2021,Durum,STRONGFIELD,9347,12.9
2021,Durum,STRONGHOLD AAC,6566,9.5
2021,Durum,SUCCEED AAC VB,5804,30.6
2021,Durum,TRANSCEND,232929,12.4
2021,Durum,VERONA CDC,6483,18.9
2021,Spring Wheat,ADAMANT,3024,22.2
2021,Spring Wheat,BRANDON AAC,6734,21.1
2021,Spring Wheat,LANDMARK CDC,2548,7.3
2021,Spring Wheat,PLENTIFUL CDC,1611,13.9
2021,Spring Wheat,REDNET,738,22.3
2021,Spring Wheat,UTMOST CDC,3767,24.8
2021,Spring Wheat,VIEWFIELD AAC,2436,13.1
2021,Spring Wheat,WASKADA,591,30.5
2022,Barley,AUSTENSON CDC,7125,25.2
2022,Barley,CHAMPION,980,42.3
2022,Barley,COPELAND CDC,6453,39.0
2022,Barley,COWBOY CDC,641,20.9
2022,Barley,FRASER CDC,607,23.6
2022,Barley,MAVERICK CDC,5255,28.2
2022,Barley,SYNERGY AAC,15501,49.3
2022,Canola,DKTFLL 21 SC,933,31.1
2022,Canola,L233P,124083,24.6
2022,Canola,L340PC,64931,30.2
2022,Canola,L343PC,800,24.8
2022,Canola,L345PC,80131,26.4
2022,Field Peas,ABERDEEN AAC,410,31.1
2022,Field Peas,AMARILLO CDC,2593,29.9
2022,Field Peas,ARDILL AAC,6754,29.9
2022,Field Peas,CHROME AAC,4713,26.8
2022,Field Peas,FOREST CDC,1401,42.1
2022,Field Peas,GOLDEN CDC,2444,19.7
2022,Field Peas,INCA CDC,8657,31.1
2022,Field Peas,LEWOCHKO CDC,619,35.5
2022,Field Peas,MEADOW CDC,20720,25.0
2022,Flax,BETHUNE CDC,5964,17.7
2022,Flax,BRAVO AAC,1120,15.3
2022,Flax,DORADO CDC,855,24.0
2022,Flax,GLAS CDC,7890,20.9
2022,Flax,ROWLAND CDC,5879,18.0
2022,Flax,SORREL CDC,6971,18.3
2022,Flax,TOPAZ,1299,8.4
2022,Red Lentils,DAZIL CDC,4278,1082
2022,Red Lentils,IMPULSE,35014,1087
2022,Red Lentils,MAXIM CDC,31200,794
2022,Red Lentils,NIMBLE,1373,1087
2022,Red Lentils,PROCLAIM CDC,7854,1349
2022,Red Lentils,SIMMIE CDC,3279,811
2022,Oats,ARBORG CDC,3083,46.6
2022,Oats,DANCER CDC,2922,45.1
2022,Oats,HAYMAKER CDC,1195,37.6
2022,Durum,ALLOY CDC,61172,34.2
2022,Durum,BRIGADE,38973,37.5
2022,Durum,COMMANDER,10237,42.2
2022,Durum,CONGRESS AAC,24451,37.5
2022,Durum,CREDENCE CDC,2741,44.6
2022,Durum,CURRENT AAC,4268,38.8
2022,Durum,DEFY CDC,13929,51.8
2022,Durum,DONLOW AAC,2931,30.8
2022,Durum,FLARE CDC,1249,33.8
2022,Durum,FORTITUDE CDC,5983,24.7
2022,Durum,GRAINLAND AAC,22328,26.2
2022,Durum,KYLE,2801,21.8
2022,Durum,PRECISION CDC,69639,38.6
2022,Durum,RAYMORE AAC,1634,22.4
2022,Durum,SPITFIRE AAC,18382,36.8
2022,Durum,STRONGFIELD,11616,26.0
2022,Durum,STRONGHOLD AAC,13157,33.3
2022,Durum,SUCCEED AAC VB,5153,63.4
2022,Durum,TRANSCEND,298544,26.6
2022,Durum,VERONA CDC,3863,41.2
2022,Spring Wheat,ADAMANT,5503,26.9
2022,Spring Wheat,BRANDON AAC,10184,30.0
2022,Spring Wheat,LANDMARK CDC,6854,20.2
2022,Spring Wheat,PLENTIFUL CDC,3342,24.2
2022,Spring Wheat,REDNET,1264,26.4
2022,Spring Wheat,UTMOST CDC,4087,23.0
2022,Spring Wheat,VIEWFIELD AAC,7695,27.0
2022,Spring Wheat,WASKADA,1270,23.6
2023,Barley,AUSTENSON CDC,13110,22.8
2023,Barley,CHAMPION,1014,33.2
2023,Barley,COPELAND CDC,5610,23.8
2023,Barley,FRASER CDC,3031,35.1
2023,Barley,MAVERICK CDC,5315,32.3
2023,Barley,SYNERGY AAC,20357,35.4
2023,Canola,BY 6211TF,1254,23.1
2023,Canola,DKTFLL 21 SC,5260,14.2
2023,Canola,L233P,93601,21.0
2023,Canola,L340PC,104774,22.8
2023,Canola,L343PC,2035,28.0
2023,Canola,L345PC,71165,20.1
2023,Canola,L356PC,18275,27.7
2023,Canola,LR354PC,5054,17.4
2023,Field Peas,AMARILLO CDC,3573,19.5
2023,Field Peas,ARDILL AAC,4503,22.0
2023,Field Peas,CHROME AAC,1685,29.9
2023,Field Peas,FOREST CDC,2710,30.0
2023,Field Peas,GOLDEN CDC,4819,21.6
2023,Field Peas,GREENWATER,861,4.2
2023,Field Peas,INCA CDC,10973,24.7
2023,Field Peas,LEWOCHKO CDC,1693,30.2
2023,Field Peas,LIMERICK CDC,980,15.3
2023,Field Peas,MEADOW CDC,21111,22.4
2023,Field Peas,PATRICK CDC,759,23.4
2023,Flax,BETHUNE CDC,2638,12.3
2023,Flax,GLAS CDC,5100,16.0
2023,Flax,ROWLAND CDC,5161,14.4
2023,Flax,SORREL CDC,3897,7.7
2023,Flax,TOPAZ,1371,8.1
2023,Red Lentils,DAZIL CDC,2844,617
2023,Red Lentils,IMPULSE,26552,1021
2023,Red Lentils,MAXIM CDC,18764,825
2023,Red Lentils,NIMBLE,2421,705
2023,Red Lentils,PROCLAIM CDC,6733,1208
2023,Red Lentils,REDMOON,3961,732
2023,Red Lentils,SIMMIE CDC,4312,800
2023,Oats,ARBORG CDC,999,33.2
2023,Oats,DANCER CDC,460,37.0
2023,Oats,HAYMAKER CDC,457,37.8
2023,Durum,ALLOY CDC,57227,22.8
2023,Durum,BRIGADE,35513,26.4
2023,Durum,COMMANDER,10088,39.3
2023,Durum,CONGRESS AAC,11304,31.9
2023,Durum,CREDENCE CDC,4379,29.6
2023,Durum,CURRENT AAC,5317,25.9
2023,Durum,DEFY CDC,69308,36.1
2023,Durum,DONLOW AAC,15144,19.9
2023,Durum,DYNAMIC CDC,1850,17.1
2023,Durum,FLARE CDC,3555,21.0
2023,Durum,FORTITUDE CDC,4109,21.4
2023,Durum,GRAINLAND AAC,34528,17.4
2023,Durum,KYLE,4139,13.6
2023,Durum,PRECISION CDC,70157,23.6
2023,Durum,RAYMORE AAC,970,12.6
2023,Durum,SCHRADER AAC,1370,17.7
2023,Durum,SPITFIRE AAC,20437,25.9
2023,Durum,STRONGFIELD,7083,17.9
2023,Durum,STRONGHOLD AAC,10275,18.4
2023,Durum,SUCCEED AAC VB,5155,30.2
2023,Durum,TRANSCEND,242693,18.5
2023,Durum,VANTTA CDC,790,20.5
2023,Durum,VERONA CDC,4926,32.0
2023,Durum,WEYBURN VB AAC,4718,27.7
2023,Spring Wheat,ADAMANT,2602,18.2
2023,Spring Wheat,BRANDON AAC,9558,27.2
2023,Spring Wheat,HOCKLEY AAC,1395,20.5
2023,Spring Wheat,LANDMARK CDC,3475,30.5
2023,Spring Wheat,PLENTIFUL CDC,1644,21.4
2023,Spring Wheat,REDNET,1010,18.1
2023,Spring Wheat,TISDALE AAC,515,26.7
2023,Spring Wheat,UTMOST CDC,3746,19.6
2023,Spring Wheat,VIEWFIELD AAC,7015,13.5
2023,Spring Wheat,WASKADA,1507,18.4
2024,Barley,ADVANTAGE AB,622,32.4
2024,Barley,AUSTENSON CDC,10470,31.8
2024,Barley,CHAMPION,860,46.3
2024,Barley,COPELAND CDC,5834,42.1
2024,Barley,COWBOY CDC,575,18.9
2024,Barley,FRASER CDC,2413,53.6
2024,Barley,MAVERICK CDC,7398,39.6
2024,Barley,RENEGADE CDC,2630,54.7
2024,Barley,SYNERGY AAC,18878,40.6
2024,Canola,BY 7204LL,459,30.4
2024,Canola,DK400TL,655,7.7
2024,Canola,DK800LL,558,18.8
2024,Canola,DKTFLL 21 SC,4246,17.1
2024,Canola,L233P,52360,16.9
2024,Canola,L340PC,171308,17.0
2024,Canola,L343PC,1915,16.1
2024,Canola,L345PC,61251,19.7
2024,Canola,L356PC,24072,18.7
2024,Canola,LR354PC,2937,16.8
2024,Canola,P520L,832,19.9
2024,Field Peas,AMARILLO CDC,3694,16.3
2024,Field Peas,ARDILL AAC,7724,19.6
2024,Field Peas,CARVER AAC,568,17.0
2024,Field Peas,CHROME AAC,2289,15.5
2024,Field Peas,FOREST CDC,4024,21.9
2024,Field Peas,GOLDEN CDC,2164,17.7
2024,Field Peas,HICKIE CDC,1151,13.8
2024,Field Peas,INCA CDC,8398,23.3
2024,Field Peas,JULIUS AAC,600,27.4
2024,Field Peas,LEWOCHKO CDC,1721,29.8
2024,Field Peas,LIMERICK CDC,2581,15.7
2024,Field Peas,MEADOW CDC,20384,18.8
2024,Flax,BETHUNE CDC,2631,15.6
2024,Flax,DORADO CDC,1460,13.7
2024,Flax,GLAS CDC,1119,8.7
2024,Flax,ROWLAND CDC,5452,11.1
2024,Flax,SORREL CDC,2353,10.9
2024,Flax,TOPAZ,2460,6.7
2024,Red Lentils,DAZIL CDC,1802,430
2024,Red Lentils,IMPACT CDC,1518,1279
2024,Red Lentils,IMPULSE,26364,862
2024,Red Lentils,MAXIM CDC,13304,637
2024,Red Lentils,NIMBLE,1608,1149
2024,Red Lentils,PROCLAIM CDC,3973,1129
2024,Red Lentils,REDMOON,887,679
2024,Red Lentils,SIMMIE CDC,7466,853
2024,Oats,ARBORG CDC,972,25.4
2024,Oats,HAYMAKER CDC,874,30.2
2024,Durum,ALLOY CDC,48158,19.7
2024,Durum,BRIGADE,18924,33.1
2024,Durum,COMMANDER,10621,26.3
2024,Durum,CONGRESS AAC,11740,28.4
2024,Durum,COVERT CDC,4716,30.3
2024,Durum,CREDENCE CDC,550,44.3
2024,Durum,CURRENT AAC,5880,18.7
2024,Durum,DEFY CDC,195486,28.7
2024,Durum,DONLOW AAC,27164,24.8
2024,Durum,DYNAMIC CDC,992,34.7
2024,Durum,FLARE CDC,14380,26.4
2024,Durum,FORTITUDE CDC,4742,26.4
2024,Durum,GRAINLAND AAC,46095,22.1
2024,Durum,KYLE,1968,20.3
2024,Durum,PRECISION CDC,49503,22.5
2024,Durum,SCHRADER AAC,4915,21.5
2024,Durum,SPITFIRE AAC,19719,23.5
2024,Durum,STRONGFIELD,3737,22.1
2024,Durum,STRONGHOLD AAC,28887,20.4
2024,Durum,SUCCEED AAC VB,5785,25.3
2024,Durum,TRANSCEND,219997,19.8
2024,Durum,VANTTA CDC,1854,29.0
2024,Durum,VERONA CDC,1434,30.6
2024,Durum,WEYBURN VB AAC,7768,29.5
2024,Spring Wheat,ADAMANT,2844,18.6
2024,Spring Wheat,BRANDON AAC,10526,29.4
2024,Spring Wheat,LANDMARK CDC,3613,26.6
2024,Spring Wheat,PLENTIFUL CDC,1048,20.3
2024,Spring Wheat,REDNET,666,22.3
2024,Spring Wheat,TISDALE AAC,1397,19.9
2024,Spring Wheat,UTMOST CDC,2275,18.4
2024,Spring Wheat,VIEWFIELD AAC,5462,23.1
2024,Spring Wheat,WASKADA,1326,22.5
2025,Barley,ADVANTAGE AB,406,58.4
2025,Barley,AUSTENSON CDC,8917,49.0
2025,Barley,CHAMPION,1056,51.6
2025,Barley,COPELAND CDC,4273,54.6
2025,Barley,COWBOY CDC,1069,26.3
2025,Barley,FRASER CDC,1286,77.1
2025,Barley,MAVERICK CDC,7154,35.4
2025,Barley,RENEGADE CDC,2540,31.7
2025,Barley,SYNERGY AAC,18677,48.5
2025,Canola,BY 6211TF,1523,29.5
2025,Canola,BY 7204LL,2715,39.7
2025,Canola,DK 801 LL,4742,44.6
2025,Canola,DK400TL,3535,32.7
2025,Canola,DK401TK,2421,37.4
2025,Canola,DK800LL,1855,59.3
2025,Canola,DKTFLL 21 SC,674,45.0
2025,Canola,L233P,39989,39.8
2025,Canola,L330PC,14762,42.2
2025,Canola,L333PC,8111,48.6
2025,Canola,L340PC,172800,38.1
2025,Canola,L341PC,2127,45.8
2025,Canola,L343PC,540,44.8
2025,Canola,L345PC,24257,36.9
2025,Canola,L356PC,26893,39.7
2025,Canola,LR354PC,1330,44.8
2025,Canola,P1540L,580,53.1
2025,Canola,P520L,6445,38.7
2025,Field Peas,ABERDEEN AAC,2895,28.7
2025,Field Peas,ACER,1140,50.2
2025,Field Peas,AMARILLO CDC,2915,29.9
2025,Field Peas,ARDILL AAC,11516,36.3
2025,Field Peas,BOOST PS,1022,39.6
2025,Field Peas,CARVER AAC,1769,32.4
2025,Field Peas,CHROME AAC,905,35.0
2025,Field Peas,CITRINE CDC,520,43.1
2025,Field Peas,FOREST CDC,2920,51.4
2025,Field Peas,GOLDEN CDC,581,22.8
2025,Field Peas,GREENWATER,590,17.9
2025,Field Peas,HICKIE CDC,1840,24.0
2025,Field Peas,INCA CDC,6229,42.3
2025,Field Peas,JULIUS AAC,1700,29.0
2025,Field Peas,LEWOCHKO CDC,1546,51.9
2025,Field Peas,LIMERICK CDC,3234,14.8
2025,Field Peas,MEADOW CDC,27035,29.1
2025,Field Peas,PATRICK CDC,2049,20.5
2025,Field Peas,SPRUCE CDC,836,38.7
2025,Field Peas,STRIKER CDC,2048,38.4
2025,Field Peas,TOLLEFSON CDC,420,53.1
2025,Flax,BETHUNE CDC,1873,26.6
2025,Flax,BRAVO AAC,805,19.0
2025,Flax,DORADO CDC,3555,26.3
2025,Flax,GLAS CDC,6965,29.3
2025,Flax,ROWLAND CDC,14142,30.3
2025,Flax,SORREL CDC,3526,27.9
2025,Flax,TOPAZ,4388,19.3
2025,Red Lentils,DAZIL CDC,635,1268
2025,Red Lentils,IMPACT CDC,1916,1340
2025,Red Lentils,IMPULSE,18563,1578
2025,Red Lentils,MAXIM CDC,11091,1343
2025,Red Lentils,NIMBLE,6515,2341
2025,Red Lentils,PROCLAIM CDC,8955,1532
2025,Red Lentils,REDMOON,1631,2017
2025,Red Lentils,SIMMIE CDC,7890,1367
2025,Oats,ARBORG CDC,1018,83.9
2025,Oats,DANCER CDC,1020,83.3
2025,Oats,HAYMAKER CDC,1054,88.1
2025,Oats,MORGAN AC,435,75.1
2025,Durum,ALLOY CDC,42470,30.8
2025,Durum,BRIGADE,14887,39.9
2025,Durum,COMMANDER,10247,70.0
2025,Durum,CONGRESS AAC,5792,41.0
2025,Durum,COVERT CDC,3689,42.4
2025,Durum,CREDENCE CDC,1380,31.9
2025,Durum,CURRENT AAC,4815,28.5
2025,Durum,DEFY CDC,209078,44.2
2025,Durum,DONLOW AAC,25282,38.8
2025,Durum,DYNAMIC CDC,2516,33.0
2025,Durum,EVIDENT CDC,7016,49.5
2025,Durum,FLARE CDC,12265,29.9
2025,Durum,FORTITUDE CDC,4164,39.3
2025,Durum,GRAINLAND AAC,43126,31.3
2025,Durum,KYLE,5147,25.3
2025,Durum,PRECISION CDC,40198,36.9
2025,Durum,RAYMORE AAC,766,24.2
2025,Durum,SCHRADER AAC,4287,35.5
2025,Durum,SPITFIRE AAC,11188,27.6
2025,Durum,STRONGFIELD,12940,29.6
2025,Durum,STRONGHOLD AAC,29023,32.1
2025,Durum,SUCCEED AAC VB,4619,31.7
2025,Durum,TRANSCEND,181511,26.5
2025,Durum,VANTTA CDC,8575,46.3
2025,Durum,VERONA CDC,966,25.5
2025,Durum,WEYBURN VB AAC,7834,43.7
2025,Durum,WISETON CDC,465,40.7
2025,Spring Wheat,ADAMANT,480,26.9
2025,Spring Wheat,BRANDON AAC,9505,33.1
2025,Spring Wheat,HOCKLEY AAC,4301,28.7
2025,Spring Wheat,LANDMARK CDC,3515,13.6
2025,Spring Wheat,PLENTIFUL CDC,622,18.7
2025,Spring Wheat,REDNET,808,26.4
2025,Spring Wheat,TISDALE AAC,1803,26.6
2025,Spring Wheat,UTMOST CDC,3034,18.8
2025,Spring Wheat,VIEWFIELD AAC,5513,30.9
2025,Spring Wheat,WASKADA,1273,29.3
